model,source,target,accuracy,balanced_accuracy,macro_f1,n_train,n_test
et,CIC-IDS-2017,CIC-IDS-2017,0.9802804422725765,0.9827844518348525,0.9696713478445342,2830743,2830743
et,CIC-IDS-2017,UNSW-NB15,0.36103511039185326,0.5000435928447051,0.2654921919332343,2830743,257673
et,CIC-IDS-2017,TON_IoT,0.43932279203764163,0.5943819676732301,0.43914018971530766,2830743,211043
et,UNSW-NB15,CIC-IDS-2017,0.2801610743186506,0.3967974974993698,0.2784990704981127,257673,2830743
et,UNSW-NB15,UNSW-NB15,0.9313859038393623,0.9377159273422225,0.9272632748006395,257673,257673
et,UNSW-NB15,TON_IoT,0.6869263609785683,0.467455600740175,0.44127283535221284,257673,211043
et,TON_IoT,CIC-IDS-2017,0.37567027455335933,0.5774677696771633,0.3754907549491069,211043,2830743
et,TON_IoT,UNSW-NB15,0.27283805443333214,0.267170659819862,0.2662592211220723,211043,257673
et,TON_IoT,TON_IoT,0.9689589325398141,0.9388064197139894,0.9554071521194181,211043,211043
vote,CIC-IDS-2017,CIC-IDS-2017,0.983690147780989,0.9823281110628471,0.9746323594216634,2830743,2830743
vote,CIC-IDS-2017,UNSW-NB15,0.3609186837580965,0.49998292353781093,0.26522590560395365,2830743,257673
vote,CIC-IDS-2017,TON_IoT,0.4398487512023616,0.594940348540452,0.4396615934741607,2830743,211043
vote,UNSW-NB15,CIC-IDS-2017,0.27645709977910393,0.3946887579842612,0.27504817205322946,257673,2830743
vote,UNSW-NB15,UNSW-NB15,0.9401838764635798,0.9415127746817104,0.9359498445654616,257673,257673
vote,UNSW-NB15,TON_IoT,0.5288543093113726,0.3615363977943779,0.3647835827194118,257673,211043
vote,TON_IoT,CIC-IDS-2017,0.33592558561480146,0.5321226655766589,0.3359244917909859,211043,2830743
vote,TON_IoT,UNSW-NB15,0.4386024146883841,0.39118645857881,0.39111199105917144,211043,257673
vote,TON_IoT,TON_IoT,0.9730718384405074,0.9436871429369795,0.9612475286530633,211043,211043
