model,metric,source,target,value,same_dataset
et,accuracy,CIC-IDS-2017,CIC-IDS-2017,0.9802804422725764,True
et,accuracy,CIC-IDS-2017,UNSW-NB15,0.3610351103918532,False
et,accuracy,CIC-IDS-2017,TON_IoT,0.4393227920376416,False
et,accuracy,UNSW-NB15,CIC-IDS-2017,0.2801610743186506,False
et,accuracy,UNSW-NB15,UNSW-NB15,0.9313859038393624,True
et,accuracy,UNSW-NB15,TON_IoT,0.6869263609785683,False
et,accuracy,TON_IoT,CIC-IDS-2017,0.3756702745533593,False
et,accuracy,TON_IoT,UNSW-NB15,0.2728380544333321,False
et,accuracy,TON_IoT,TON_IoT,0.968958932539814,True
et,balanced_accuracy,CIC-IDS-2017,CIC-IDS-2017,0.9827844518348524,True
et,balanced_accuracy,CIC-IDS-2017,UNSW-NB15,0.5000435928447051,False
et,balanced_accuracy,CIC-IDS-2017,TON_IoT,0.5943819676732301,False
et,balanced_accuracy,UNSW-NB15,CIC-IDS-2017,0.3967974974993698,False
et,balanced_accuracy,UNSW-NB15,UNSW-NB15,0.9377159273422224,True
et,balanced_accuracy,UNSW-NB15,TON_IoT,0.467455600740175,False
et,balanced_accuracy,TON_IoT,CIC-IDS-2017,0.5774677696771633,False
et,balanced_accuracy,TON_IoT,UNSW-NB15,0.267170659819862,False
et,balanced_accuracy,TON_IoT,TON_IoT,0.9388064197139894,True
et,macro_f1,CIC-IDS-2017,CIC-IDS-2017,0.9696713478445342,True
et,macro_f1,CIC-IDS-2017,UNSW-NB15,0.2654921919332343,False
et,macro_f1,CIC-IDS-2017,TON_IoT,0.4391401897153076,False
et,macro_f1,UNSW-NB15,CIC-IDS-2017,0.2784990704981127,False
et,macro_f1,UNSW-NB15,UNSW-NB15,0.9272632748006396,True
et,macro_f1,UNSW-NB15,TON_IoT,0.4412728353522128,False
et,macro_f1,TON_IoT,CIC-IDS-2017,0.3754907549491069,False
et,macro_f1,TON_IoT,UNSW-NB15,0.2662592211220723,False
et,macro_f1,TON_IoT,TON_IoT,0.955407152119418,True
hgb,accuracy,CIC-IDS-2017,CIC-IDS-2017,0.9831454144724548,True
hgb,accuracy,CIC-IDS-2017,UNSW-NB15,0.3591063091592832,False
hgb,accuracy,CIC-IDS-2017,TON_IoT,0.4399245651360149,False
hgb,accuracy,UNSW-NB15,CIC-IDS-2017,0.4382633817340535,False
hgb,accuracy,UNSW-NB15,UNSW-NB15,0.93497184415907,True
hgb,accuracy,UNSW-NB15,TON_IoT,0.4633415938931876,False
hgb,accuracy,TON_IoT,CIC-IDS-2017,0.3359983580282633,False
hgb,accuracy,TON_IoT,UNSW-NB15,0.4708603540145843,False
hgb,accuracy,TON_IoT,TON_IoT,0.973195036082694,True
hgb,balanced_accuracy,CIC-IDS-2017,CIC-IDS-2017,0.9800773562078032,True
hgb,balanced_accuracy,CIC-IDS-2017,UNSW-NB15,0.4949192050795487,False
hgb,balanced_accuracy,CIC-IDS-2017,TON_IoT,0.5946314722775905,False
hgb,balanced_accuracy,UNSW-NB15,CIC-IDS-2017,0.4544729395584266,False
hgb,balanced_accuracy,UNSW-NB15,UNSW-NB15,0.9292168333410712,True
hgb,balanced_accuracy,UNSW-NB15,TON_IoT,0.4706224169321237,False
hgb,balanced_accuracy,TON_IoT,CIC-IDS-2017,0.5425378227239223,False
hgb,balanced_accuracy,TON_IoT,UNSW-NB15,0.4074714239148044,False
hgb,balanced_accuracy,TON_IoT,TON_IoT,0.9437127048055488,True
hgb,macro_f1,CIC-IDS-2017,CIC-IDS-2017,0.973714112508658,True
hgb,macro_f1,CIC-IDS-2017,UNSW-NB15,0.2692871253814634,False
hgb,macro_f1,CIC-IDS-2017,TON_IoT,0.439725603173936,False
hgb,macro_f1,UNSW-NB15,CIC-IDS-2017,0.4012391961018303,False
hgb,macro_f1,UNSW-NB15,UNSW-NB15,0.9294760426026852,True
hgb,macro_f1,UNSW-NB15,TON_IoT,0.4323140855596434,False
hgb,macro_f1,TON_IoT,CIC-IDS-2017,0.3359021184038767,False
hgb,macro_f1,TON_IoT,UNSW-NB15,0.4011286383937992,False
hgb,macro_f1,TON_IoT,TON_IoT,0.9614126117582132,True
rf,accuracy,CIC-IDS-2017,CIC-IDS-2017,0.9817429558246722,True
rf,accuracy,CIC-IDS-2017,UNSW-NB15,0.3609885397383505,False
rf,accuracy,CIC-IDS-2017,TON_IoT,0.2617523443089797,False
rf,accuracy,UNSW-NB15,CIC-IDS-2017,0.2629920837038191,False
rf,accuracy,UNSW-NB15,UNSW-NB15,0.9457063797914412,True
rf,accuracy,UNSW-NB15,TON_IoT,0.6601213970612624,False
rf,accuracy,TON_IoT,CIC-IDS-2017,0.4037533608667406,False
rf,accuracy,TON_IoT,UNSW-NB15,0.2857575298925382,False
rf,accuracy,TON_IoT,TON_IoT,0.972313699103974,True
rf,balanced_accuracy,CIC-IDS-2017,CIC-IDS-2017,0.9842905662137592,True
rf,balanced_accuracy,CIC-IDS-2017,UNSW-NB15,0.5000071569991202,False
rf,balanced_accuracy,CIC-IDS-2017,TON_IoT,0.5157962800618469,False
rf,balanced_accuracy,UNSW-NB15,CIC-IDS-2017,0.4904442307031306,False
rf,balanced_accuracy,UNSW-NB15,UNSW-NB15,0.9516086369996608,True
rf,balanced_accuracy,UNSW-NB15,TON_IoT,0.442265834156095,False
rf,balanced_accuracy,TON_IoT,CIC-IDS-2017,0.5606770568245498,False
rf,balanced_accuracy,TON_IoT,UNSW-NB15,0.2808330665289156,False
rf,balanced_accuracy,TON_IoT,TON_IoT,0.9433144955074112,True
rf,macro_f1,CIC-IDS-2017,CIC-IDS-2017,0.9718776453898244,True
rf,macro_f1,CIC-IDS-2017,UNSW-NB15,0.2654102892251069,False
rf,macro_f1,CIC-IDS-2017,TON_IoT,0.2272061383200468,False
rf,macro_f1,UNSW-NB15,CIC-IDS-2017,0.258467141212205,False
rf,macro_f1,UNSW-NB15,UNSW-NB15,0.9422850244415946,True
rf,macro_f1,UNSW-NB15,TON_IoT,0.415729840500791,False
rf,macro_f1,TON_IoT,CIC-IDS-2017,0.399832411021401,False
rf,macro_f1,TON_IoT,UNSW-NB15,0.2791390869405496,False
rf,macro_f1,TON_IoT,TON_IoT,0.9602151805983784,True
vote,accuracy,CIC-IDS-2017,CIC-IDS-2017,0.983690147780989,True
vote,accuracy,CIC-IDS-2017,UNSW-NB15,0.3609186837580965,False
vote,accuracy,CIC-IDS-2017,TON_IoT,0.4398487512023616,False
vote,accuracy,UNSW-NB15,CIC-IDS-2017,0.2764570997791039,False
vote,accuracy,UNSW-NB15,UNSW-NB15,0.9401838764635798,True
vote,accuracy,UNSW-NB15,TON_IoT,0.5288543093113726,False
vote,accuracy,TON_IoT,CIC-IDS-2017,0.3359255856148014,False
vote,accuracy,TON_IoT,UNSW-NB15,0.4386024146883841,False
vote,accuracy,TON_IoT,TON_IoT,0.9730718384405074,True
vote,balanced_accuracy,CIC-IDS-2017,CIC-IDS-2017,0.9823281110628472,True
vote,balanced_accuracy,CIC-IDS-2017,UNSW-NB15,0.4999829235378109,False
vote,balanced_accuracy,CIC-IDS-2017,TON_IoT,0.594940348540452,False
vote,balanced_accuracy,UNSW-NB15,CIC-IDS-2017,0.3946887579842612,False
vote,balanced_accuracy,UNSW-NB15,UNSW-NB15,0.9415127746817104,True
vote,balanced_accuracy,UNSW-NB15,TON_IoT,0.3615363977943779,False
vote,balanced_accuracy,TON_IoT,CIC-IDS-2017,0.5321226655766589,False
vote,balanced_accuracy,TON_IoT,UNSW-NB15,0.39118645857881,False
vote,balanced_accuracy,TON_IoT,TON_IoT,0.9436871429369796,True
vote,macro_f1,CIC-IDS-2017,CIC-IDS-2017,0.9746323594216634,True
vote,macro_f1,CIC-IDS-2017,UNSW-NB15,0.2652259056039536,False
vote,macro_f1,CIC-IDS-2017,TON_IoT,0.4396615934741607,False
vote,macro_f1,UNSW-NB15,CIC-IDS-2017,0.2750481720532294,False
vote,macro_f1,UNSW-NB15,UNSW-NB15,0.9359498445654616,True
vote,macro_f1,UNSW-NB15,TON_IoT,0.3647835827194118,False
vote,macro_f1,TON_IoT,CIC-IDS-2017,0.3359244917909859,False
vote,macro_f1,TON_IoT,UNSW-NB15,0.3911119910591714,False
vote,macro_f1,TON_IoT,TON_IoT,0.9612475286530632,True
xgb,accuracy,CIC-IDS-2017,CIC-IDS-2017,0.980715310432632,True
xgb,accuracy,CIC-IDS-2017,UNSW-NB15,0.360969135299391,False
xgb,accuracy,CIC-IDS-2017,TON_IoT,0.4428670934359348,False
xgb,accuracy,UNSW-NB15,CIC-IDS-2017,0.2873930978545209,False
xgb,accuracy,UNSW-NB15,UNSW-NB15,0.9332060402137592,True
xgb,accuracy,UNSW-NB15,TON_IoT,0.6515023004790493,False
xgb,accuracy,TON_IoT,CIC-IDS-2017,0.3533358556393144,False
xgb,accuracy,TON_IoT,UNSW-NB15,0.3942089392369398,False
xgb,accuracy,TON_IoT,TON_IoT,0.972711722255654,True
xgb,balanced_accuracy,CIC-IDS-2017,CIC-IDS-2017,0.9827899762971684,True
xgb,balanced_accuracy,CIC-IDS-2017,UNSW-NB15,0.5000036755148962,False
xgb,balanced_accuracy,CIC-IDS-2017,TON_IoT,0.5968422335649485,False
xgb,balanced_accuracy,UNSW-NB15,CIC-IDS-2017,0.4253099245562529,False
xgb,balanced_accuracy,UNSW-NB15,UNSW-NB15,0.9389340395618844,True
xgb,balanced_accuracy,UNSW-NB15,TON_IoT,0.4451959517023404,False
xgb,balanced_accuracy,TON_IoT,CIC-IDS-2017,0.494314770480459,False
xgb,balanced_accuracy,TON_IoT,UNSW-NB15,0.3941190089724249,False
xgb,balanced_accuracy,TON_IoT,TON_IoT,0.9437890478319456,True
xgb,macro_f1,CIC-IDS-2017,CIC-IDS-2017,0.970301691713117,True
xgb,macro_f1,CIC-IDS-2017,UNSW-NB15,0.2653525125466439,False
xgb,macro_f1,CIC-IDS-2017,TON_IoT,0.4426118681610682,False
xgb,macro_f1,UNSW-NB15,CIC-IDS-2017,0.2867443814502697,False
xgb,macro_f1,UNSW-NB15,UNSW-NB15,0.9291027239209196,True
xgb,macro_f1,UNSW-NB15,TON_IoT,0.4265265038096476,False
xgb,macro_f1,TON_IoT,CIC-IDS-2017,0.3504266442865569,False
xgb,macro_f1,TON_IoT,UNSW-NB15,0.3867959910260644,False
xgb,macro_f1,TON_IoT,TON_IoT,0.960780654070041,True
