source,target,accuracy,balanced_accuracy,macro_f1,attack_recall,config
CIC-IDS-2017,CIC-IDS-2017,0.9817429558246722,0.9842905662137591,0.9718776453898244,0.988494492922033,raw_all
CIC-IDS-2017,UNSW-NB15,0.36098853973835054,0.5000071569991202,0.2654102892251069,0.00021861507350931847,raw_all
CIC-IDS-2017,TON_IoT,0.2617523443089797,0.5157962800618469,0.22720613832004688,0.03297256012369367,raw_all
UNSW-NB15,CIC-IDS-2017,0.2629920837038191,0.4904442307031306,0.25846714121220504,0.8657732683458682,raw_all
UNSW-NB15,UNSW-NB15,0.9457063797914411,0.9516086369996609,0.9422850244415946,0.9303893170100745,raw_all
UNSW-NB15,TON_IoT,0.6601213970612624,0.442265834156095,0.41572984050079104,0.85631166831219,raw_all
TON_IoT,CIC-IDS-2017,0.40375336086674063,0.5606770568245498,0.399832411021401,0.819623919117146,raw_all
TON_IoT,UNSW-NB15,0.2857575298925382,0.28083306652891565,0.2791390869405496,0.2985371007997668,raw_all
TON_IoT,TON_IoT,0.972313699103974,0.9433144955074111,0.9602151805983784,0.9984289910148221,raw_all
CIC-IDS-2017,CIC-IDS-2017,0.9816906727315055,0.9842701914250169,0.9718004551792987,0.988526771464334,aligned_all
CIC-IDS-2017,UNSW-NB15,0.3479759229721391,0.476921144210922,0.26779583667503526,0.013347664765930056,aligned_all
CIC-IDS-2017,TON_IoT,0.4287941320015352,0.5864695889296647,0.42874880041489016,0.2867991778593295,aligned_all
UNSW-NB15,CIC-IDS-2017,0.34031065342208744,0.5781844832487568,0.3391369786504359,0.9707108093665157,aligned_all
UNSW-NB15,UNSW-NB15,0.9456986180158573,0.951609584429592,0.9422777011533152,0.9303589538054204,aligned_all
UNSW-NB15,TON_IoT,0.75217846599982,0.49923404152928097,0.44600816859548265,0.979968083058562,aligned_all
TON_IoT,CIC-IDS-2017,0.36089747462062083,0.5188303533868832,0.35904206477260237,0.7794425137094142,aligned_all
TON_IoT,UNSW-NB15,0.6356661349850392,0.5190909539589995,0.4661616200802315,0.938192660606171,aligned_all
TON_IoT,TON_IoT,0.972285268878854,0.9432958669423694,0.9601761211012934,0.9983917338847389,aligned_all
CIC-IDS-2017,CIC-IDS-2017,0.9797512525863351,0.9827120769832998,0.9689025524884641,0.9875978667470043,aligned_optimised
CIC-IDS-2017,UNSW-NB15,0.3738032312271755,0.5058865653201663,0.295101359721081,0.031031195156461595,aligned_optimised
CIC-IDS-2017,TON_IoT,0.5055225712295599,0.6355383143632446,0.5017255112906214,0.3884366287264892,aligned_optimised
UNSW-NB15,CIC-IDS-2017,0.43133587188946504,0.6292806583800828,0.4296285779628541,0.9559182707308937,aligned_optimised
UNSW-NB15,UNSW-NB15,0.9461138730095897,0.9517145084990528,0.9426850756204557,0.9315795546325142,aligned_optimised
UNSW-NB15,TON_IoT,0.5903915315836109,0.4775262813658464,0.47691633462051697,0.6920325627316928,aligned_optimised
TON_IoT,CIC-IDS-2017,0.45790486808587005,0.5465923674849559,0.4387174489533491,0.6929396068473548,aligned_optimised
TON_IoT,UNSW-NB15,0.6910774508776628,0.6187164255926163,0.6200980106153776,0.8788629587121143,aligned_optimised
TON_IoT,TON_IoT,0.9465559151452547,0.9263197965139744,0.926128799924594,0.964779593027949,aligned_optimised
