source,target,accuracy,balanced_accuracy,macro_f1,recall_attack
CIC-IDS-2017,CIC-IDS-2017,0.9240252470817732,0.9443481239003946,0.8929559979124457,0.9778838187667445
CIC-IDS-2017,UNSW-NB15,0.7109243110453948,0.7459802963370418,0.708992905900445,0.6199498399859115
CIC-IDS-2017,TON_IoT,0.43377889813924175,0.5810064245574164,0.433399096582581,0.3011928491148327
UNSW-NB15,CIC-IDS-2017,0.40488557244511425,0.4670438618265021,0.3848523898352376,0.5696140562292207
UNSW-NB15,UNSW-NB15,0.9136463657426273,0.9060340067892125,0.9063352675576729,0.9334013469117585
UNSW-NB15,TON_IoT,0.24850859777391338,0.3271320457269177,0.24812127153246127,0.1777040914538353
TON_IoT,CIC-IDS-2017,0.3918628430768883,0.48064918321784605,0.3788450729042008,0.6271595241425564
TON_IoT,UNSW-NB15,0.2525837010474516,0.22633499106636162,0.23361516960115536,0.32070224019723936
TON_IoT,TON_IoT,0.9704041356500808,0.941718514930795,0.9575675910128796,0.9962370298615898
